<?xml version="1.0" encoding="UTF-8"?>
<project-private xmlns="http://www.netbeans.org/ns/project-private/1">
    <editor-bookmarks xmlns="http://www.netbeans.org/ns/editor-bookmarks/1">
        <file>
            <url>src/com/mxgraph/examples/swing/editor/BasicGraphEditor.java</url>
            <line>230</line>
            <line>231</line>
            <line>525</line>
        </file>
        <file>
            <url>src/GraphEditor.java</url>
            <line>129</line>
        </file>
        <file>
            <url>src/com/mxgraph/examples/swing/editor/EditorKeyboardHandler.java</url>
            <line>69</line>
        </file>
    </editor-bookmarks>
    <open-files xmlns="http://www.netbeans.org/ns/projectui-open-files/1">
        <file>file:/home/marwa/Desktop/amer_v2/GsmNetwork_Simulator_v2/src/send_to_erl/sendtoerl.java</file>
        <file>file:/home/marwa/Desktop/amer_v2/GsmNetwork_Simulator_v2/src/send_to_erl/sendtoerl2.java</file>
        <file>file:/home/marwa/Desktop/amer_v2/GsmNetwork_Simulator_v2/src/com/iti/telecom/main/GraphEditor.java</file>
    </open-files>
</project-private>
